{"Mean":{"confidence_interval":{"confidence_level":0.95,"lower_bound":11073952.459450766,"upper_bound":11169310.524591753},"point_estimate":11114558.7251782,"standard_error":24669.35192180906},"Median":{"confidence_interval":{"confidence_level":0.95,"lower_bound":11121696.142857144,"upper_bound":11139280.166666668},"point_estimate":11130165.862191651,"standard_error":3676.5999368953894},"MedianAbsDev":{"confidence_interval":{"confidence_level":0.95,"lower_bound":19981.169082222135,"upper_bound":101819.56529234156},"point_estimate":27865.600219943593,"standard_error":22712.113597554006},"Slope":{"confidence_interval":{"confidence_level":0.95,"lower_bound":10988942.284061868,"upper_bound":11062138.710912373},"point_estimate":11020350.549120734,"standard_error":18785.253625051922},"StdDev":{"confidence_interval":{"confidence_level":0.95,"lower_bound":112979.59100713278,"upper_bound":387346.75953623455},"point_estimate":247921.73597391177,"standard_error":87290.62125705111}}