{"Mean":{"confidence_interval":{"confidence_level":0.95,"lower_bound":4704470.534561214,"upper_bound":4711095.40868389},"point_estimate":4707561.92951169,"standard_error":1691.685173651793},"Median":{"confidence_interval":{"confidence_level":0.95,"lower_bound":4702349.559779078,"upper_bound":4705094.0},"point_estimate":4703352.303544494,"standard_error":695.442635958679},"MedianAbsDev":{"confidence_interval":{"confidence_level":0.95,"lower_bound":4496.5701310198165,"upper_bound":7876.245718741585},"point_estimate":5758.800484687311,"standard_error":865.3811276948381},"Slope":{"confidence_interval":{"confidence_level":0.95,"lower_bound":4705676.923087833,"upper_bound":4715173.885356389},"point_estimate":4710015.761542781,"standard_error":2440.692158261516},"StdDev":{"confidence_interval":{"confidence_level":0.95,"lower_bound":11049.129141034387,"upper_bound":22541.835171721752},"point_estimate":17048.962768630554,"standard_error":2966.538354028295}}