{"Mean":{"confidence_interval":{"confidence_level":0.95,"lower_bound":948965.5748597558,"upper_bound":951780.8155165411},"point_estimate":950256.965708482,"standard_error":720.8683351174252},"Median":{"confidence_interval":{"confidence_level":0.95,"lower_bound":946842.9123376624,"upper_bound":947671.6746031746},"point_estimate":947046.5395879871,"standard_error":207.4411082826825},"MedianAbsDev":{"confidence_interval":{"confidence_level":0.95,"lower_bound":716.8675736366645,"upper_bound":1898.0160067119796},"point_estimate":1143.425084516464,"standard_error":276.09913966549277},"Slope":{"confidence_interval":{"confidence_level":0.95,"lower_bound":946923.6352399425,"upper_bound":947459.3210640736},"point_estimate":947154.9724560366,"standard_error":136.52647175212863},"StdDev":{"confidence_interval":{"confidence_level":0.95,"lower_bound":4391.929796487473,"upper_bound":10100.766742306161},"point_estimate":7242.8725690038555,"standard_error":1520.4005765405736}}