{"Mean":{"confidence_interval":{"confidence_level":0.95,"lower_bound":6083950.883121621,"upper_bound":6128562.827701937},"point_estimate":6101353.820861662,"standard_error":11787.485546841532},"Median":{"confidence_interval":{"confidence_level":0.95,"lower_bound":6073147.47137931,"upper_bound":6074494.589473684},"point_estimate":6073707.749084249,"standard_error":331.7120278201263},"MedianAbsDev":{"confidence_interval":{"confidence_level":0.95,"lower_bound":2323.211213755433,"upper_bound":5187.489157637789},"point_estimate":3498.934580189267,"standard_error":760.541036189924},"Slope":{"confidence_interval":{"confidence_level":0.95,"lower_bound":6088165.238316801,"upper_bound":6171058.824971605},"point_estimate":6119877.519420718,"standard_error":22178.879745420218},"StdDev":{"confidence_interval":{"confidence_level":0.95,"lower_bound":32246.283337075674,"upper_bound":194146.43206107724},"point_estimate":118302.68834723863,"standard_error":51867.19082214009}}