{"Mean":{"confidence_interval":{"confidence_level":0.95,"lower_bound":2714910.1152780433,"upper_bound":2716432.340003971},"point_estimate":2715624.9887459157,"standard_error":388.93265158845963},"Median":{"confidence_interval":{"confidence_level":0.95,"lower_bound":2714459.775816994,"upper_bound":2715342.34},"point_estimate":2714820.3545828434,"standard_error":217.78664629109667},"MedianAbsDev":{"confidence_interval":{"confidence_level":0.95,"lower_bound":1228.1268432413196,"upper_bound":2078.731413728273},"point_estimate":1514.9245546835512,"standard_error":214.30879838983805},"Slope":{"confidence_interval":{"confidence_level":0.95,"lower_bound":2714921.1738189836,"upper_bound":2717770.684608701},"point_estimate":2716195.4327323777,"standard_error":734.8011138591601},"StdDev":{"confidence_interval":{"confidence_level":0.95,"lower_bound":2539.0761929300347,"upper_bound":5150.146862690233},"point_estimate":3906.0678238753408,"standard_error":672.2410048008331}}