{"Mean":{"confidence_interval":{"confidence_level":0.95,"lower_bound":4011363.906019955,"upper_bound":4020774.036398172},"point_estimate":4015658.7031883616,"standard_error":2413.837172909922},"Median":{"confidence_interval":{"confidence_level":0.95,"lower_bound":4007843.090277778,"upper_bound":4009473.657792208},"point_estimate":4008704.6647727275,"standard_error":399.43224695776985},"MedianAbsDev":{"confidence_interval":{"confidence_level":0.95,"lower_bound":3314.150068434645,"upper_bound":7030.944514391248},"point_estimate":4765.157567799967,"standard_error":949.5786198102702},"Slope":{"confidence_interval":{"confidence_level":0.95,"lower_bound":4005682.676907849,"upper_bound":4012342.091165886},"point_estimate":4008383.7018531105,"standard_error":1732.0136360321817},"StdDev":{"confidence_interval":{"confidence_level":0.95,"lower_bound":14195.252672508013,"upper_bound":32506.843284426574},"point_estimate":24358.425312743795,"standard_error":4677.406336179821}}