{"Mean":{"confidence_interval":{"confidence_level":0.95,"lower_bound":6488943.600976729,"upper_bound":6497331.400860031},"point_estimate":6492841.764686508,"standard_error":2147.33482165153},"Median":{"confidence_interval":{"confidence_level":0.95,"lower_bound":6485170.278333333,"upper_bound":6486141.228104213},"point_estimate":6485547.494400527,"standard_error":255.5307944947763},"MedianAbsDev":{"confidence_interval":{"confidence_level":0.95,"lower_bound":1860.5242108152322,"upper_bound":3282.7066333748767},"point_estimate":2303.8787738983638,"standard_error":364.0287668943343},"Slope":{"confidence_interval":{"confidence_level":0.95,"lower_bound":6486717.366422051,"upper_bound":6493981.56071513},"point_estimate":6489854.405331757,"standard_error":1869.9908737125377},"StdDev":{"confidence_interval":{"confidence_level":0.95,"lower_bound":13641.65407645426,"upper_bound":28036.707249174062},"point_estimate":21517.82241759211,"standard_error":3670.409488859479}}