{"Mean":{"confidence_interval":{"confidence_level":0.95,"lower_bound":8018425.355985969,"upper_bound":8026997.080967075},"point_estimate":8022582.457944317,"standard_error":2187.7490399001586},"Median":{"confidence_interval":{"confidence_level":0.95,"lower_bound":8013764.739130435,"upper_bound":8025962.374396135},"point_estimate":8021338.403061224,"standard_error":2689.5151576052176},"MedianAbsDev":{"confidence_interval":{"confidence_level":0.95,"lower_bound":17443.429795368964,"upper_bound":25238.222489470332},"point_estimate":22172.513539553307,"standard_error":1933.5977711961534},"Slope":{"confidence_interval":{"confidence_level":0.95,"lower_bound":8005953.90337078,"upper_bound":8015292.904697612},"point_estimate":8010047.199364563,"standard_error":2386.1076575841544},"StdDev":{"confidence_interval":{"confidence_level":0.95,"lower_bound":17109.566939775385,"upper_bound":27068.77829857673},"point_estimate":22030.675052213446,"standard_error":2576.1910306254504}}