{"Mean":{"confidence_interval":{"confidence_level":0.95,"lower_bound":17497414.025733422,"upper_bound":17544525.530020747},"point_estimate":17518409.450248934,"standard_error":12110.999282807104},"Median":{"confidence_interval":{"confidence_level":0.95,"lower_bound":17485043.01674641,"upper_bound":17506206.473529413},"point_estimate":17494136.740063593,"standard_error":5268.045784996506},"MedianAbsDev":{"confidence_interval":{"confidence_level":0.95,"lower_bound":42852.17322562441,"upper_bound":89874.33714964845},"point_estimate":76924.66620200194,"standard_error":13823.211257905295},"Slope":{"confidence_interval":{"confidence_level":0.95,"lower_bound":17467368.696387462,"upper_bound":17531883.488859497},"point_estimate":17494725.69901581,"standard_error":16684.67959441706},"StdDev":{"confidence_interval":{"confidence_level":0.95,"lower_bound":57214.197683454215,"upper_bound":178639.2105275456},"point_estimate":121972.4657909217,"standard_error":32601.2776642672}}