{"Mean":{"confidence_interval":{"confidence_level":0.95,"lower_bound":9543311.009407694,"upper_bound":9559733.742895488},"point_estimate":9550748.329956934,"standard_error":4223.070285653018},"Median":{"confidence_interval":{"confidence_level":0.95,"lower_bound":9540707.034090908,"upper_bound":9543727.226666667},"point_estimate":9542851.270833332,"standard_error":771.7564833167319},"MedianAbsDev":{"confidence_interval":{"confidence_level":0.95,"lower_bound":5137.483803058225,"upper_bound":8879.560784648316},"point_estimate":6712.03542583592,"standard_error":975.116594073455},"Slope":{"confidence_interval":{"confidence_level":0.95,"lower_bound":9545756.759114802,"upper_bound":9563862.979773534},"point_estimate":9553720.74358209,"standard_error":4642.730248503696},"StdDev":{"confidence_interval":{"confidence_level":0.95,"lower_bound":21016.638157918962,"upper_bound":59142.06172825829},"point_estimate":42590.590210893984,"standard_error":9692.716122616514}}