{"Mean":{"confidence_interval":{"confidence_level":0.95,"lower_bound":10599518.66523678,"upper_bound":10686528.045899322},"point_estimate":10632897.289274972,"standard_error":23614.393352434356},"Median":{"confidence_interval":{"confidence_level":0.95,"lower_bound":10596790.395833334,"upper_bound":10599916.488636363},"point_estimate":10598671.326388888,"standard_error":850.9521568809371},"MedianAbsDev":{"confidence_interval":{"confidence_level":0.95,"lower_bound":4599.887492363384,"upper_bound":10698.58373239775},"point_estimate":5998.940404455263,"standard_error":1529.9325548037655},"Slope":{"confidence_interval":{"confidence_level":0.95,"lower_bound":10599184.973236883,"upper_bound":10690525.52833497},"point_estimate":10629817.317999113,"standard_error":26607.76348156038},"StdDev":{"confidence_interval":{"confidence_level":0.95,"lower_bound":15246.759298854713,"upper_bound":390089.97643616336},"point_estimate":236671.6574802575,"standard_error":108722.82608788509}}