{"Mean":{"confidence_interval":{"confidence_level":0.95,"lower_bound":733627.9303391837,"upper_bound":734439.2833494268},"point_estimate":733991.1722767963,"standard_error":208.12616469548522},"Median":{"confidence_interval":{"confidence_level":0.95,"lower_bound":733302.9112903225,"upper_bound":733565.6018518518},"point_estimate":733443.4190140845,"standard_error":62.70234972798901},"MedianAbsDev":{"confidence_interval":{"confidence_level":0.95,"lower_bound":360.7907363665725,"upper_bound":674.511946775025},"point_estimate":492.35706078646115,"standard_error":77.1534412746782},"Slope":{"confidence_interval":{"confidence_level":0.95,"lower_bound":733390.802862473,"upper_bound":734496.7514420048},"point_estimate":733846.1990778779,"standard_error":288.36681069661785},"StdDev":{"confidence_interval":{"confidence_level":0.95,"lower_bound":1054.2834114155974,"upper_bound":2951.5182511914322},"point_estimate":2085.434521841965,"standard_error":487.8830304492475}}