{"Mean":{"confidence_interval":{"confidence_level":0.95,"lower_bound":1907434.0940632988,"upper_bound":1911489.052378303},"point_estimate":1909304.3144816128,"standard_error":1037.2755843711193},"Median":{"confidence_interval":{"confidence_level":0.95,"lower_bound":1905462.3272946859,"upper_bound":1906568.4285714286},"point_estimate":1905980.6851851852,"standard_error":291.05169202492056},"MedianAbsDev":{"confidence_interval":{"confidence_level":0.95,"lower_bound":1750.0816681100487,"upper_bound":3031.140434436424},"point_estimate":2414.499891870953,"standard_error":321.36161176825635},"Slope":{"confidence_interval":{"confidence_level":0.95,"lower_bound":1907647.5508522855,"upper_bound":1914267.2702245812},"point_estimate":1910778.7156287867,"standard_error":1694.9091642789808},"StdDev":{"confidence_interval":{"confidence_level":0.95,"lower_bound":6561.317359407113,"upper_bound":13722.576502195767},"point_estimate":10411.360303658721,"standard_error":1835.2882785330169}}