{"Mean":{"confidence_interval":{"confidence_level":0.95,"lower_bound":1704006.6720683123,"upper_bound":1723717.2650106486},"point_estimate":1711494.024960237,"standard_error":5313.147439182979},"Median":{"confidence_interval":{"confidence_level":0.95,"lower_bound":1702449.1734693877,"upper_bound":1703115.9259259258},"point_estimate":1702800.7058823528,"standard_error":146.42985018721333},"MedianAbsDev":{"confidence_interval":{"confidence_level":0.95,"lower_bound":1111.9742770479206,"upper_bound":2069.84335778018},"point_estimate":1697.7542400001576,"standard_error":250.80900103577085},"Slope":{"confidence_interval":{"confidence_level":0.95,"lower_bound":1702789.4640308945,"upper_bound":1703573.0412710307},"point_estimate":1703149.100632481,"standard_error":200.9128970738953},"StdDev":{"confidence_interval":{"confidence_level":0.95,"lower_bound":4563.559539229654,"upper_bound":88511.02030349075},"point_estimate":53327.298100104126,"standard_error":24936.774238137717}}