{"Mean":{"confidence_interval":{"confidence_level":0.95,"lower_bound":1508401.14585413,"upper_bound":1515403.9852021036},"point_estimate":1511369.3730141101,"standard_error":1810.1779271218672},"Median":{"confidence_interval":{"confidence_level":0.95,"lower_bound":1506598.4444444445,"upper_bound":1507688.6666666665},"point_estimate":1507221.857117225,"standard_error":259.1945259289015},"MedianAbsDev":{"confidence_interval":{"confidence_level":0.95,"lower_bound":1466.4319653449327,"upper_bound":2539.993595090795},"point_estimate":1867.105532030943,"standard_error":270.15267455657624},"Slope":{"confidence_interval":{"confidence_level":0.95,"lower_bound":1508154.4552758613,"upper_bound":1517960.9526763968},"point_estimate":1512058.4883729864,"standard_error":2564.228694144988},"StdDev":{"confidence_interval":{"confidence_level":0.95,"lower_bound":6011.217516757543,"upper_bound":28406.669637522173},"point_estimate":18157.77812348912,"standard_error":6184.716864338195}}