{"Mean":{"confidence_interval":{"confidence_level":0.95,"lower_bound":3661827.770280434,"upper_bound":3663607.38684998},"point_estimate":3662640.934450282,"standard_error":455.68405599014386},"Median":{"confidence_interval":{"confidence_level":0.95,"lower_bound":3660968.6470588236,"upper_bound":3661811.8039215687},"point_estimate":3661458.098524932,"standard_error":186.2945778701149},"MedianAbsDev":{"confidence_interval":{"confidence_level":0.95,"lower_bound":1142.2011187420428,"upper_bound":1894.2642551939152},"point_estimate":1521.8522467336593,"standard_error":185.02573177196422},"Slope":{"confidence_interval":{"confidence_level":0.95,"lower_bound":3661423.4164419686,"upper_bound":3663355.809535574},"point_estimate":3662216.883487513,"standard_error":506.71711820211254},"StdDev":{"confidence_interval":{"confidence_level":0.95,"lower_bound":2656.4211766528083,"upper_bound":6152.6652211364735},"point_estimate":4583.413175141222,"standard_error":892.9064970756287}}