{"Mean":{"confidence_interval":{"confidence_level":0.95,"lower_bound":8042784.858634622,"upper_bound":8051970.714922706},"point_estimate":8046951.719714501,"standard_error":2362.7698483511144},"Median":{"confidence_interval":{"confidence_level":0.95,"lower_bound":8038082.660377358,"upper_bound":8041846.333333333},"point_estimate":8039292.471035138,"standard_error":923.931244482457},"MedianAbsDev":{"confidence_interval":{"confidence_level":0.95,"lower_bound":5617.198587287631,"upper_bound":10151.364049622967},"point_estimate":7380.735828818874,"standard_error":1185.0101782417514},"Slope":{"confidence_interval":{"confidence_level":0.95,"lower_bound":8042919.938458913,"upper_bound":8059891.532230103},"point_estimate":8050652.189945322,"standard_error":4379.023592089788},"StdDev":{"confidence_interval":{"confidence_level":0.95,"lower_bound":13110.388385170123,"upper_bound":33150.17297972746},"point_estimate":23733.688654562535,"standard_error":5164.614976191531}}