{"Mean":{"confidence_interval":{"confidence_level":0.95,"lower_bound":12649988.697947294,"upper_bound":12667201.697978135},"point_estimate":12658740.866992071,"standard_error":4394.091388364857},"Median":{"confidence_interval":{"confidence_level":0.95,"lower_bound":12669451.021111112,"upper_bound":12678634.55882353},"point_estimate":12673780.501344087,"standard_error":2540.04242762455},"MedianAbsDev":{"confidence_interval":{"confidence_level":0.95,"lower_bound":11151.29361962691,"upper_bound":23811.33917671006},"point_estimate":16334.878794997378,"standard_error":3375.659083062744},"Slope":{"confidence_interval":{"confidence_level":0.95,"lower_bound":12619182.651427338,"upper_bound":12643350.015845146},"point_estimate":12630300.118537018,"standard_error":6202.423736938003},"StdDev":{"confidence_interval":{"confidence_level":0.95,"lower_bound":37569.72724686527,"upper_bound":49740.787567372914},"point_estimate":44039.682536026994,"standard_error":3099.562171213668}}