{"Mean":{"confidence_interval":{"confidence_level":0.95,"lower_bound":16645258.919763632,"upper_bound":16672192.780423956},"point_estimate":16657931.510305965,"standard_error":6887.901428810317},"Median":{"confidence_interval":{"confidence_level":0.95,"lower_bound":16627880.503836319,"upper_bound":16669306.925},"point_estimate":16652387.75,"standard_error":11791.081554034989},"MedianAbsDev":{"confidence_interval":{"confidence_level":0.95,"lower_bound":43534.96079679839,"upper_bound":63472.818379160395},"point_estimate":55161.367520689506,"standard_error":4884.20411322146},"Slope":{"confidence_interval":{"confidence_level":0.95,"lower_bound":16622557.592960916,"upper_bound":16655813.533569377},"point_estimate":16637921.74922713,"standard_error":8499.060918486974},"StdDev":{"confidence_interval":{"confidence_level":0.95,"lower_bound":46672.411199485934,"upper_bound":91189.73085362429},"point_estimate":69353.9757471358,"standard_error":11512.89499828216}}