{"Mean":{"confidence_interval":{"confidence_level":0.95,"lower_bound":8500456.595714094,"upper_bound":8517816.333035184},"point_estimate":8509077.406098159,"standard_error":4433.07809115174},"Median":{"confidence_interval":{"confidence_level":0.95,"lower_bound":8517796.286164844,"upper_bound":8524492.376290832},"point_estimate":8519770.381777493,"standard_error":1778.2443241624128},"MedianAbsDev":{"confidence_interval":{"confidence_level":0.95,"lower_bound":13190.569792240765,"upper_bound":31603.93762159955},"point_estimate":21227.149359166862,"standard_error":5047.534619758911},"Slope":{"confidence_interval":{"confidence_level":0.95,"lower_bound":8522777.048968956,"upper_bound":8534789.418154167},"point_estimate":8527941.808689227,"standard_error":3122.4267472283314},"StdDev":{"confidence_interval":{"confidence_level":0.95,"lower_bound":35894.0254176032,"upper_bound":53429.93564004206},"point_estimate":44596.35862292127,"standard_error":4529.00272772615}}