{"Mean":{"confidence_interval":{"confidence_level":0.95,"lower_bound":12011238.781372774,"upper_bound":12109526.56547953},"point_estimate":12052283.01037658,"standard_error":25658.716636335408},"Median":{"confidence_interval":{"confidence_level":0.95,"lower_bound":12025903.618126746,"upper_bound":12030272.8},"point_estimate":12027705.268288085,"standard_error":1134.2575628201164},"MedianAbsDev":{"confidence_interval":{"confidence_level":0.95,"lower_bound":6869.730162652667,"upper_bound":13032.960114673371},"point_estimate":10111.261552747485,"standard_error":1548.6441024741162},"Slope":{"confidence_interval":{"confidence_level":0.95,"lower_bound":11974324.25833908,"upper_bound":12103457.8017103},"point_estimate":12027959.799692625,"standard_error":33579.64589200601},"StdDev":{"confidence_interval":{"confidence_level":0.95,"lower_bound":60697.64724698944,"upper_bound":408803.6455110544},"point_estimate":258226.48036948752,"standard_error":94564.04928187489}}