{"Mean":{"confidence_interval":{"confidence_level":0.95,"lower_bound":117690.75209248687,"upper_bound":117823.37806750312},"point_estimate":117750.57333188322,"standard_error":33.95921757808861},"Median":{"confidence_interval":{"confidence_level":0.95,"lower_bound":117646.10632183908,"upper_bound":117708.2089698127},"point_estimate":117665.45921264513,"standard_error":17.36651290411197},"MedianAbsDev":{"confidence_interval":{"confidence_level":0.95,"lower_bound":89.07580447921228,"upper_bound":141.29169150070038},"point_estimate":109.25386948291535,"standard_error":14.11460170740865},"Slope":{"confidence_interval":{"confidence_level":0.95,"lower_bound":117656.2969574584,"upper_bound":117751.84782478643},"point_estimate":117697.86394134937,"standard_error":24.658991372462708},"StdDev":{"confidence_interval":{"confidence_level":0.95,"lower_bound":182.46987372770982,"upper_bound":472.2331563468757},"point_estimate":342.3139535365627,"standard_error":73.74153675518397}}