{"Mean":{"confidence_interval":{"confidence_level":0.95,"lower_bound":2763434.5108300718,"upper_bound":2770927.587906235},"point_estimate":2767026.462876528,"standard_error":1916.4383725869989},"Median":{"confidence_interval":{"confidence_level":0.95,"lower_bound":2757206.4356351234,"upper_bound":2759676.714285714},"point_estimate":2758214.091637631,"standard_error":639.6183211105734},"MedianAbsDev":{"confidence_interval":{"confidence_level":0.95,"lower_bound":2580.328110831075,"upper_bound":5674.730066622217},"point_estimate":3690.54383589226,"standard_error":753.9518852029846},"Slope":{"confidence_interval":{"confidence_level":0.95,"lower_bound":2766997.2263915017,"upper_bound":2779664.6291526686},"point_estimate":2773187.563106251,"standard_error":3227.211854338396},"StdDev":{"confidence_interval":{"confidence_level":0.95,"lower_bound":15341.091372786803,"upper_bound":22183.853103379028},"point_estimate":19239.920939393374,"standard_error":1753.4866264165357}}