{"Mean":{"confidence_interval":{"confidence_level":0.95,"lower_bound":1292851.7440972303,"upper_bound":1293827.454957347},"point_estimate":1293298.3567463246,"standard_error":249.99090759344546},"Median":{"confidence_interval":{"confidence_level":0.95,"lower_bound":1292507.6326530613,"upper_bound":1292833.6},"point_estimate":1292635.346153846,"standard_error":91.74386052337891},"MedianAbsDev":{"confidence_interval":{"confidence_level":0.95,"lower_bound":720.6001695256946,"upper_bound":1212.8178187020303},"point_estimate":919.4351602017412,"standard_error":122.25853536319401},"Slope":{"confidence_interval":{"confidence_level":0.95,"lower_bound":1292564.5750615885,"upper_bound":1293126.9215475689},"point_estimate":1292824.59263189,"standard_error":143.54300136048101},"StdDev":{"confidence_interval":{"confidence_level":0.95,"lower_bound":1383.1335631805402,"upper_bound":3457.887873493492},"point_estimate":2520.3175772034583,"standard_error":524.711590266777}}