{"Mean":{"confidence_interval":{"confidence_level":0.95,"lower_bound":11714232.399608448,"upper_bound":11768973.116506126},"point_estimate":11737022.4896847,"standard_error":14377.74874695377},"Median":{"confidence_interval":{"confidence_level":0.95,"lower_bound":11708393.885714285,"upper_bound":11718002.589262187},"point_estimate":11713713.039328326,"standard_error":2494.359153510918},"MedianAbsDev":{"confidence_interval":{"confidence_level":0.95,"lower_bound":14601.812406349958,"upper_bound":23455.445383745264},"point_estimate":18026.55389496744,"standard_error":2253.499519074539},"Slope":{"confidence_interval":{"confidence_level":0.95,"lower_bound":11716430.271845069,"upper_bound":11793130.318376668},"point_estimate":11743363.415274125,"standard_error":21836.61880919514},"StdDev":{"confidence_interval":{"confidence_level":0.95,"lower_bound":24315.9705913876,"upper_bound":224809.94203230386},"point_estimate":145449.0185439251,"standard_error":54424.22423789448}}