{"Mean":{"confidence_interval":{"confidence_level":0.95,"lower_bound":25122801.944587123,"upper_bound":25157141.357590616},"point_estimate":25139899.93184846,"standard_error":8777.225482164778},"Median":{"confidence_interval":{"confidence_level":0.95,"lower_bound":25122340.51748252,"upper_bound":25177934.14285714},"point_estimate":25147109.43557423,"standard_error":14084.84620267716},"MedianAbsDev":{"confidence_interval":{"confidence_level":0.95,"lower_bound":72019.04514448108,"upper_bound":121884.01436832438},"point_estimate":99353.42051234486,"standard_error":12380.758050927205},"Slope":{"confidence_interval":{"confidence_level":0.95,"lower_bound":25162284.79102053,"upper_bound":25189939.760103095},"point_estimate":25176708.2409369,"standard_error":7058.774329211047},"StdDev":{"confidence_interval":{"confidence_level":0.95,"lower_bound":77278.57894449467,"upper_bound":97838.53113640138},"point_estimate":87929.16712420768,"standard_error":5243.878329374224}}