{"Mean":{"confidence_interval":{"confidence_level":0.95,"lower_bound":435263.2643118986,"upper_bound":438308.59330831526},"point_estimate":436588.6726098753,"standard_error":785.2837726595687},"Median":{"confidence_interval":{"confidence_level":0.95,"lower_bound":434561.84722222225,"upper_bound":435013.1666666667},"point_estimate":434832.55219566694,"standard_error":108.95410711047927},"MedianAbsDev":{"confidence_interval":{"confidence_level":0.95,"lower_bound":596.6785667408892,"upper_bound":1008.8871417525024},"point_estimate":754.1953513145507,"standard_error":104.05780522235294},"Slope":{"confidence_interval":{"confidence_level":0.95,"lower_bound":435366.00577656325,"upper_bound":437633.52655688406},"point_estimate":436321.3083552534,"standard_error":582.700902327022},"StdDev":{"confidence_interval":{"confidence_level":0.95,"lower_bound":2843.987667421763,"upper_bound":11784.95469821694},"point_estimate":7886.260269072801,"standard_error":2318.3422762368245}}