{"Mean":{"confidence_interval":{"confidence_level":0.95,"lower_bound":22418914.261248063,"upper_bound":22588366.06569942},"point_estimate":22499998.711128864,"standard_error":43294.36802520635},"Median":{"confidence_interval":{"confidence_level":0.95,"lower_bound":22195725.79032258,"upper_bound":22768843.0},"point_estimate":22281586.443157516,"standard_error":123675.10316312405},"MedianAbsDev":{"confidence_interval":{"confidence_level":0.95,"lower_bound":132211.6965473839,"upper_bound":522194.04714659945},"point_estimate":268818.3210416605,"standard_error":108338.40649149945},"Slope":{"confidence_interval":{"confidence_level":0.95,"lower_bound":22206088.978217214,"upper_bound":22286833.997080375},"point_estimate":22239780.407515887,"standard_error":20722.638429356535},"StdDev":{"confidence_interval":{"confidence_level":0.95,"lower_bound":339408.5974340983,"upper_bound":559927.6042413663},"point_estimate":434889.13151245116,"standard_error":66426.578527068}}