{"Mean":{"confidence_interval":{"confidence_level":0.95,"lower_bound":19952814.77433331,"upper_bound":19983742.54163071},"point_estimate":19966894.195532404,"standard_error":7936.36797421689},"Median":{"confidence_interval":{"confidence_level":0.95,"lower_bound":19941432.525859248,"upper_bound":19961206.310714286},"point_estimate":19949032.84185135,"standard_error":5034.09675271503},"MedianAbsDev":{"confidence_interval":{"confidence_level":0.95,"lower_bound":29572.60568760948,"upper_bound":49366.25840357719},"point_estimate":36761.77085615876,"standard_error":4877.4157953368585},"Slope":{"confidence_interval":{"confidence_level":0.95,"lower_bound":19941174.77560833,"upper_bound":19962563.66263152},"point_estimate":19951242.671792522,"standard_error":5448.770288030756},"StdDev":{"confidence_interval":{"confidence_level":0.95,"lower_bound":44656.42259344315,"upper_bound":112547.90059328472},"point_estimate":79594.25782384777,"standard_error":17883.679457599377}}