{"Mean":{"confidence_interval":{"confidence_level":0.95,"lower_bound":1105413.3353985872,"upper_bound":1106846.8457637983},"point_estimate":1106086.5883801826,"standard_error":366.53712875220566},"Median":{"confidence_interval":{"confidence_level":0.95,"lower_bound":1104738.6,"upper_bound":1105484.6042952063},"point_estimate":1105188.0740418117,"standard_error":196.45269958556202},"MedianAbsDev":{"confidence_interval":{"confidence_level":0.95,"lower_bound":1008.651737376675,"upper_bound":2352.358724325672},"point_estimate":1818.499694641086,"standard_error":356.95051510855586},"Slope":{"confidence_interval":{"confidence_level":0.95,"lower_bound":1104565.9066055908,"upper_bound":1105298.922865709},"point_estimate":1104922.077428698,"standard_error":187.4505306500187},"StdDev":{"confidence_interval":{"confidence_level":0.95,"lower_bound":2422.1312091541654,"upper_bound":4769.843342574934},"point_estimate":3692.774177699285,"standard_error":596.0982549743213}}