{"Mean":{"confidence_interval":{"confidence_level":0.95,"lower_bound":3865364.025928977,"upper_bound":3873762.2155512725},"point_estimate":3869217.5209629554,"standard_error":2155.3110582464583},"Median":{"confidence_interval":{"confidence_level":0.95,"lower_bound":3861769.95846395,"upper_bound":3863847.6699088146},"point_estimate":3862734.758439335,"standard_error":548.2925293599906},"MedianAbsDev":{"confidence_interval":{"confidence_level":0.95,"lower_bound":3294.8527634806437,"upper_bound":6216.212443662312},"point_estimate":4448.875151610918,"standard_error":738.3732602389878},"Slope":{"confidence_interval":{"confidence_level":0.95,"lower_bound":3863012.705997856,"upper_bound":3866212.848906839},"point_estimate":3864519.2482577213,"standard_error":814.3791935425736},"StdDev":{"confidence_interval":{"confidence_level":0.95,"lower_bound":12480.508218478288,"upper_bound":29096.861358439506},"point_estimate":21568.443038187972,"standard_error":4245.899538446622}}