{"Mean":{"confidence_interval":{"confidence_level":0.95,"lower_bound":10072358.639760256,"upper_bound":10139813.834747463},"point_estimate":10101005.573242987,"standard_error":17484.186871108177},"Median":{"confidence_interval":{"confidence_level":0.95,"lower_bound":10059611.959302325,"upper_bound":10064176.333333334},"point_estimate":10062192.073232323,"standard_error":1132.3929581122477},"MedianAbsDev":{"confidence_interval":{"confidence_level":0.95,"lower_bound":9123.30203313234,"upper_bound":19822.69643450434},"point_estimate":15331.637837050444,"standard_error":2845.452664341042},"Slope":{"confidence_interval":{"confidence_level":0.95,"lower_bound":10067104.71984238,"upper_bound":10095169.627854953},"point_estimate":10079549.639731048,"standard_error":7243.43696480369},"StdDev":{"confidence_interval":{"confidence_level":0.95,"lower_bound":46004.483122017555,"upper_bound":271186.5825014357},"point_estimate":175988.70849986598,"standard_error":59814.9976032975}}