{"Mean":{"confidence_interval":{"confidence_level":0.95,"lower_bound":1122737.5387776962,"upper_bound":1125562.8900396978},"point_estimate":1123975.770302341,"standard_error":728.7579617145514},"Median":{"confidence_interval":{"confidence_level":0.95,"lower_bound":1121574.3137254901,"upper_bound":1122239.0361445784},"point_estimate":1122015.3737213404,"standard_error":205.5265274837201},"MedianAbsDev":{"confidence_interval":{"confidence_level":0.95,"lower_bound":904.9504759982198,"upper_bound":1698.4184292216005},"point_estimate":1308.4974094594577,"standard_error":209.34758484395107},"Slope":{"confidence_interval":{"confidence_level":0.95,"lower_bound":1122919.2753478023,"upper_bound":1126633.3272928458},"point_estimate":1124525.4095108616,"standard_error":957.319814005879},"StdDev":{"confidence_interval":{"confidence_level":0.95,"lower_bound":3465.434581586355,"upper_bound":10982.20764773776},"point_estimate":7320.35804401381,"standard_error":2124.620153640982}}