{"Mean":{"confidence_interval":{"confidence_level":0.95,"lower_bound":16123363.134213181,"upper_bound":16208580.810291385},"point_estimate":16167163.422777763,"standard_error":21718.06236790775},"Median":{"confidence_interval":{"confidence_level":0.95,"lower_bound":16242234.134615384,"upper_bound":16265651.144555695},"point_estimate":16256822.57427226,"standard_error":6532.62917013996},"MedianAbsDev":{"confidence_interval":{"confidence_level":0.95,"lower_bound":41765.7598249992,"upper_bound":103490.31475638572},"point_estimate":59359.280707273625,"standard_error":16707.881592976344},"Slope":{"confidence_interval":{"confidence_level":0.95,"lower_bound":15945965.22907594,"upper_bound":16070231.018437987},"point_estimate":16003293.7044983,"standard_error":31807.222946471058},"StdDev":{"confidence_interval":{"confidence_level":0.95,"lower_bound":186138.5692551165,"upper_bound":240940.70914948228},"point_estimate":217976.85073822242,"standard_error":14023.830498590829}}