{"Mean":{"confidence_interval":{"confidence_level":0.95,"lower_bound":5739454.49528116,"upper_bound":5743896.856386907},"point_estimate":5741439.065021502,"standard_error":1137.812624677218},"Median":{"confidence_interval":{"confidence_level":0.95,"lower_bound":5738436.526744186,"upper_bound":5739494.584269663},"point_estimate":5738782.747340426,"standard_error":300.66457502533524},"MedianAbsDev":{"confidence_interval":{"confidence_level":0.95,"lower_bound":1272.4987329328962,"upper_bound":2028.4821239791686},"point_estimate":1607.6634098527104,"standard_error":189.12149386804413},"Slope":{"confidence_interval":{"confidence_level":0.95,"lower_bound":5738970.6196356835,"upper_bound":5744767.187224387},"point_estimate":5741426.41257278,"standard_error":1504.6202712299225},"StdDev":{"confidence_interval":{"confidence_level":0.95,"lower_bound":5152.663668149404,"upper_bound":16027.806051508245},"point_estimate":11443.505257605219,"standard_error":2687.5400522868995}}