{"Mean":{"confidence_interval":{"confidence_level":0.95,"lower_bound":24368982.83601717,"upper_bound":24391821.69914288},"point_estimate":24380251.47268193,"standard_error":5822.066183169008},"Median":{"confidence_interval":{"confidence_level":0.95,"lower_bound":24360381.0,"upper_bound":24385812.553030305},"point_estimate":24370738.98737374,"standard_error":7843.618612282629},"MedianAbsDev":{"confidence_interval":{"confidence_level":0.95,"lower_bound":35554.63138020664,"upper_bound":60084.63091927623},"point_estimate":49845.702995062056,"standard_error":6389.684424940667},"Slope":{"confidence_interval":{"confidence_level":0.95,"lower_bound":24365739.6842582,"upper_bound":24399956.626925014},"point_estimate":24383073.575220924,"standard_error":8710.10601459273},"StdDev":{"confidence_interval":{"confidence_level":0.95,"lower_bound":48266.00387439034,"upper_bound":67806.5487331281},"point_estimate":58459.919480228644,"standard_error":4984.57212467822}}