{"Mean":{"confidence_interval":{"confidence_level":0.95,"lower_bound":15307942.619279325,"upper_bound":15357593.563200137},"point_estimate":15333090.688951211,"standard_error":12705.926268095782},"Median":{"confidence_interval":{"confidence_level":0.95,"lower_bound":15391637.362068966,"upper_bound":15407852.537545787},"point_estimate":15400165.521793902,"standard_error":7376.962432173477},"MedianAbsDev":{"confidence_interval":{"confidence_level":0.95,"lower_bound":26508.05920599698,"upper_bound":127546.13557452924},"point_estimate":46139.041614432375,"standard_error":26730.391192567004},"Slope":{"confidence_interval":{"confidence_level":0.95,"lower_bound":15401290.678590091,"upper_bound":15425353.851169553},"point_estimate":15413536.621309295,"standard_error":6127.186588084382},"StdDev":{"confidence_interval":{"confidence_level":0.95,"lower_bound":116317.40747880169,"upper_bound":136362.3081849412},"point_estimate":127706.04746084793,"standard_error":5063.398021653784}}