{"Mean":{"confidence_interval":{"confidence_level":0.95,"lower_bound":311215.60651302093,"upper_bound":311895.96393157606},"point_estimate":311498.4664482132,"standard_error":176.03776178606807},"Median":{"confidence_interval":{"confidence_level":0.95,"lower_bound":311097.5647534465,"upper_bound":311262.5620903558},"point_estimate":311167.1841517857,"standard_error":43.934078648448434},"MedianAbsDev":{"confidence_interval":{"confidence_level":0.95,"lower_bound":271.2456451959399,"upper_bound":516.3148892710681},"point_estimate":374.450855457816,"standard_error":65.61458484136801},"Slope":{"confidence_interval":{"confidence_level":0.95,"lower_bound":310928.4514938337,"upper_bound":312196.8802061712},"point_estimate":311403.650319935,"standard_error":341.7288054362274},"StdDev":{"confidence_interval":{"confidence_level":0.95,"lower_bound":682.6072445194422,"upper_bound":2779.733048340101},"point_estimate":1760.3026490136967,"standard_error":634.5950980270277}}