{"Mean":{"confidence_interval":{"confidence_level":0.95,"lower_bound":909999.0596639755,"upper_bound":910574.6728798493},"point_estimate":910256.1050427973,"standard_error":147.44512825618},"Median":{"confidence_interval":{"confidence_level":0.95,"lower_bound":910041.6927710844,"upper_bound":910355.1772151899},"point_estimate":910163.01,"standard_error":86.33285487940103},"MedianAbsDev":{"confidence_interval":{"confidence_level":0.95,"lower_bound":430.7092047061854,"upper_bound":842.3432933787121},"point_estimate":593.6581354540562,"standard_error":105.1376416037996},"Slope":{"confidence_interval":{"confidence_level":0.95,"lower_bound":909922.0028472381,"upper_bound":910189.5284381087},"point_estimate":910058.8089833013,"standard_error":68.10905029369813},"StdDev":{"confidence_interval":{"confidence_level":0.95,"lower_bound":776.3417614407255,"upper_bound":2189.453959783814},"point_estimate":1480.2045913519341,"standard_error":393.5922828015772}}