{"Mean":{"confidence_interval":{"confidence_level":0.95,"lower_bound":2187994.746257486,"upper_bound":2192651.8565319628},"point_estimate":2189931.730454675,"standard_error":1211.3612097754756},"Median":{"confidence_interval":{"confidence_level":0.95,"lower_bound":2187309.65,"upper_bound":2187835.85483871},"point_estimate":2187600.3481917577,"standard_error":118.91755361056049},"MedianAbsDev":{"confidence_interval":{"confidence_level":0.95,"lower_bound":1162.4096272386505,"upper_bound":2210.4880104335452},"point_estimate":1721.1029486112498,"standard_error":251.46812102529412},"Slope":{"confidence_interval":{"confidence_level":0.95,"lower_bound":2187864.479328326,"upper_bound":2193127.257679332},"point_estimate":2190060.4303827398,"standard_error":1360.368872551838},"StdDev":{"confidence_interval":{"confidence_level":0.95,"lower_bound":4026.7668884551176,"upper_bound":19299.51672975468},"point_estimate":12153.48423459535,"standard_error":4474.268516701582}}