{"Mean":{"confidence_interval":{"confidence_level":0.95,"lower_bound":2344142.7693258817,"upper_bound":2347420.173702647},"point_estimate":2345644.8241385277,"standard_error":841.420463884961},"Median":{"confidence_interval":{"confidence_level":0.95,"lower_bound":2343219.1818181816,"upper_bound":2344150.1904761903},"point_estimate":2343652.2404791154,"standard_error":236.9121804252727},"MedianAbsDev":{"confidence_interval":{"confidence_level":0.95,"lower_bound":1880.2643432289954,"upper_bound":3119.016325080698},"point_estimate":2342.1199595634903,"standard_error":318.1023781642179},"Slope":{"confidence_interval":{"confidence_level":0.95,"lower_bound":2343330.985569938,"upper_bound":2344882.6702357805},"point_estimate":2344047.522846165,"standard_error":394.3144266363858},"StdDev":{"confidence_interval":{"confidence_level":0.95,"lower_bound":4478.8454626830435,"upper_bound":11517.445989838854},"point_estimate":8457.096234092976,"standard_error":1769.1712240927345}}