{"Mean":{"confidence_interval":{"confidence_level":0.95,"lower_bound":6367715.267691857,"upper_bound":6386137.297387353},"point_estimate":6375472.755730924,"standard_error":4777.015789743383},"Median":{"confidence_interval":{"confidence_level":0.95,"lower_bound":6360447.30909091,"upper_bound":6368700.230926989},"point_estimate":6363432.641243862,"standard_error":1993.4928323622835},"MedianAbsDev":{"confidence_interval":{"confidence_level":0.95,"lower_bound":11275.668727789332,"upper_bound":21535.327018038904},"point_estimate":15374.56969801456,"standard_error":2567.4443860886595},"Slope":{"confidence_interval":{"confidence_level":0.95,"lower_bound":6360717.669599754,"upper_bound":6368548.037746763},"point_estimate":6364505.377127235,"standard_error":1991.3691961906238},"StdDev":{"confidence_interval":{"confidence_level":0.95,"lower_bound":20820.50373606601,"upper_bound":75420.00915393789},"point_estimate":48108.847007858996,"standard_error":17327.565814842317}}