{"Mean":{"confidence_interval":{"confidence_level":0.95,"lower_bound":14461935.619119152,"upper_bound":14479249.190663487},"point_estimate":14470243.057133567,"standard_error":4425.801067845167},"Median":{"confidence_interval":{"confidence_level":0.95,"lower_bound":14452472.3375,"upper_bound":14473126.28611111},"point_estimate":14467036.751838235,"standard_error":5323.754166998098},"MedianAbsDev":{"confidence_interval":{"confidence_level":0.95,"lower_bound":29316.054278542248,"upper_bound":43981.421946760915},"point_estimate":40211.14255893188,"standard_error":3840.7827784007486},"Slope":{"confidence_interval":{"confidence_level":0.95,"lower_bound":14449698.903382266,"upper_bound":14470052.504875245},"point_estimate":14459023.60102852,"standard_error":5218.693642802875},"StdDev":{"confidence_interval":{"confidence_level":0.95,"lower_bound":33084.257467617485,"upper_bound":54600.81039684839},"point_estimate":44568.876763854256,"standard_error":5514.238862692557}}