{"Mean":{"confidence_interval":{"confidence_level":0.95,"lower_bound":8527151.946586005,"upper_bound":8561594.974978456},"point_estimate":8541046.578952966,"standard_error":9124.305793519477},"Median":{"confidence_interval":{"confidence_level":0.95,"lower_bound":8523264.377164502,"upper_bound":8529227.982352942},"point_estimate":8526474.445495762,"standard_error":1382.9874651027621},"MedianAbsDev":{"confidence_interval":{"confidence_level":0.95,"lower_bound":9780.293721377204,"upper_bound":14717.28232804858},"point_estimate":12950.67786878075,"standard_error":1286.5105255268345},"Slope":{"confidence_interval":{"confidence_level":0.95,"lower_bound":8530751.31337752,"upper_bound":8550218.12866261},"point_estimate":8539109.441625535,"standard_error":5023.3198743523435},"StdDev":{"confidence_interval":{"confidence_level":0.95,"lower_bound":14857.18638863667,"upper_bound":148141.10072270807},"point_estimate":91535.66547403109,"standard_error":37519.685616953524}}