{"Mean":{"confidence_interval":{"confidence_level":0.95,"lower_bound":18299301.205151554,"upper_bound":18333727.66228803},"point_estimate":18316402.952689413,"standard_error":8785.65095564864},"Median":{"confidence_interval":{"confidence_level":0.95,"lower_bound":18291048.82599532,"upper_bound":18362049.85185185},"point_estimate":18317705.11403509,"standard_error":19660.266573616318},"MedianAbsDev":{"confidence_interval":{"confidence_level":0.95,"lower_bound":61525.79105466074,"upper_bound":116742.30132632743},"point_estimate":95375.0601083325,"standard_error":14435.375604741474},"Slope":{"confidence_interval":{"confidence_level":0.95,"lower_bound":18239871.460085955,"upper_bound":18275578.311558336},"point_estimate":18256064.85644451,"standard_error":9166.065416073521},"StdDev":{"confidence_interval":{"confidence_level":0.95,"lower_bound":75784.55517618766,"upper_bound":100052.06348603342},"point_estimate":88232.7705099471,"standard_error":6211.482112766003}}