{"Mean":{"confidence_interval":{"confidence_level":0.95,"lower_bound":5351070.575285011,"upper_bound":5359855.5742421625},"point_estimate":5355017.358225287,"standard_error":2244.834877189312},"Median":{"confidence_interval":{"confidence_level":0.95,"lower_bound":5347078.955627706,"upper_bound":5348262.583333333},"point_estimate":5347534.306818182,"standard_error":295.24274943020106},"MedianAbsDev":{"confidence_interval":{"confidence_level":0.95,"lower_bound":1738.8100540118817,"upper_bound":3119.139339351049},"point_estimate":2270.343437917318,"standard_error":374.7703201454227},"Slope":{"confidence_interval":{"confidence_level":0.95,"lower_bound":5351106.960098901,"upper_bound":5364469.583400753},"point_estimate":5356711.934792375,"standard_error":3451.272636813975},"StdDev":{"confidence_interval":{"confidence_level":0.95,"lower_bound":12717.031163940143,"upper_bound":31889.363095625296},"point_estimate":22506.624648881956,"standard_error":5070.068076153414}}