{"Mean":{"confidence_interval":{"confidence_level":0.95,"lower_bound":10480089.26264457,"upper_bound":10490087.144017061},"point_estimate":10484478.118447358,"standard_error":2571.224467892848},"Median":{"confidence_interval":{"confidence_level":0.95,"lower_bound":10476000.773584906,"upper_bound":10482191.11594203},"point_estimate":10478618.091052735,"standard_error":1617.7371094235423},"MedianAbsDev":{"confidence_interval":{"confidence_level":0.95,"lower_bound":8097.659401694015,"upper_bound":14223.363562825562},"point_estimate":10644.03947277371,"standard_error":1528.0143447827315},"Slope":{"confidence_interval":{"confidence_level":0.95,"lower_bound":10483279.428536585,"upper_bound":10491468.959680801},"point_estimate":10487355.824702231,"standard_error":2096.0374626534212},"StdDev":{"confidence_interval":{"confidence_level":0.95,"lower_bound":12524.990967331798,"upper_bound":39056.53582107491},"point_estimate":25836.770425619194,"standard_error":7661.877788870977}}