{"Mean":{"confidence_interval":{"confidence_level":0.95,"lower_bound":4345081.72095041,"upper_bound":4348036.934716014},"point_estimate":4346517.384999939,"standard_error":753.2319744808634},"Median":{"confidence_interval":{"confidence_level":0.95,"lower_bound":4344569.823529412,"upper_bound":4348713.55},"point_estimate":4347151.05326087,"standard_error":1005.725777217155},"MedianAbsDev":{"confidence_interval":{"confidence_level":0.95,"lower_bound":4519.8663378406445,"upper_bound":8520.81606007439},"point_estimate":6270.901178027144,"standard_error":974.456898054838},"Slope":{"confidence_interval":{"confidence_level":0.95,"lower_bound":4346757.256197332,"upper_bound":4349303.303780166},"point_estimate":4348033.191263485,"standard_error":649.5316083468787},"StdDev":{"confidence_interval":{"confidence_level":0.95,"lower_bound":5964.075763021687,"upper_bound":9138.184173236326},"point_estimate":7571.340227385831,"standard_error":816.5591898770062}}