{"Mean":{"confidence_interval":{"confidence_level":0.95,"lower_bound":12014436.630539976,"upper_bound":12240740.116139434},"point_estimate":12127634.405616686,"standard_error":57793.61898764333},"Median":{"confidence_interval":{"confidence_level":0.95,"lower_bound":11765887.193548387,"upper_bound":12423139.0},"point_estimate":12083982.76715907,"standard_error":148930.3196709824},"MedianAbsDev":{"confidence_interval":{"confidence_level":0.95,"lower_bound":440308.73605083884,"upper_bound":979157.1582395599},"point_estimate":907695.2996052249,"standard_error":127123.839198039},"Slope":{"confidence_interval":{"confidence_level":0.95,"lower_bound":11960006.110363605,"upper_bound":12220740.578707978},"point_estimate":12088827.645107137,"standard_error":66576.23993723036},"StdDev":{"confidence_interval":{"confidence_level":0.95,"lower_bound":542221.6157723225,"upper_bound":608990.5738206431},"point_estimate":579889.5455397418,"standard_error":17002.245729543}}