{"Mean":{"confidence_interval":{"confidence_level":0.95,"lower_bound":7144019.614423709,"upper_bound":7157720.347470292},"point_estimate":7150242.81752983,"standard_error":3497.5713583941656},"Median":{"confidence_interval":{"confidence_level":0.95,"lower_bound":7138466.418181818,"upper_bound":7140947.726190476},"point_estimate":7139146.339619883,"standard_error":736.720475078974},"MedianAbsDev":{"confidence_interval":{"confidence_level":0.95,"lower_bound":5542.9729685834245,"upper_bound":11078.736747477615},"point_estimate":7903.61838051643,"standard_error":1384.3471828884649},"Slope":{"confidence_interval":{"confidence_level":0.95,"lower_bound":7138012.363089638,"upper_bound":7142482.551971326},"point_estimate":7140036.098247377,"standard_error":1139.2952152404905},"StdDev":{"confidence_interval":{"confidence_level":0.95,"lower_bound":19708.325567455577,"upper_bound":47682.63018495746},"point_estimate":35091.4845693774,"standard_error":7123.617710258894}}