{"Mean":{"confidence_interval":{"confidence_level":0.95,"lower_bound":55769.48914178552,"upper_bound":55969.209375761835},"point_estimate":55867.32235072125,"standard_error":50.91484427917547},"Median":{"confidence_interval":{"confidence_level":0.95,"lower_bound":55659.64894555927,"upper_bound":55875.82575757576},"point_estimate":55714.568941273785,"standard_error":46.54458569350768},"MedianAbsDev":{"confidence_interval":{"confidence_level":0.95,"lower_bound":286.8549554475538,"upper_bound":540.475759618535},"point_estimate":393.0068168980344,"standard_error":64.1707212197602},"Slope":{"confidence_interval":{"confidence_level":0.95,"lower_bound":55598.34877130236,"upper_bound":55756.88224984834},"point_estimate":55673.02610347602,"standard_error":40.45358585032943},"StdDev":{"confidence_interval":{"confidence_level":0.95,"lower_bound":416.6856825632005,"upper_bound":606.2725687454478},"point_estimate":512.3682109346723,"standard_error":48.661574331152735}}