{"Mean":{"confidence_interval":{"confidence_level":0.95,"lower_bound":207689.0450429748,"upper_bound":208295.7055433764},"point_estimate":207980.76490431183,"standard_error":155.13401396468885},"Median":{"confidence_interval":{"confidence_level":0.95,"lower_bound":207277.0695652174,"upper_bound":207986.6727029736},"point_estimate":207639.41933636184,"standard_error":194.41973009021694},"MedianAbsDev":{"confidence_interval":{"confidence_level":0.95,"lower_bound":1012.1693921364754,"upper_bound":1566.8854092948995},"point_estimate":1324.6847620115518,"standard_error":140.05181865607804},"Slope":{"confidence_interval":{"confidence_level":0.95,"lower_bound":207757.919426999,"upper_bound":208611.35020887855},"point_estimate":208151.63593497858,"standard_error":217.93611252173167},"StdDev":{"confidence_interval":{"confidence_level":0.95,"lower_bound":1224.7168971048895,"upper_bound":1838.8623370048788},"point_estimate":1555.330593108767,"standard_error":157.452929528846}}