{"Mean":{"confidence_interval":{"confidence_level":0.95,"lower_bound":2445811.0430039614,"upper_bound":2447592.644189653},"point_estimate":2446610.732666481,"standard_error":454.65231725024216},"Median":{"confidence_interval":{"confidence_level":0.95,"lower_bound":2445079.4385964912,"upper_bound":2445933.7774725277},"point_estimate":2445442.1554834056,"standard_error":237.28071104201115},"MedianAbsDev":{"confidence_interval":{"confidence_level":0.95,"lower_bound":1194.988235126193,"upper_bound":2071.501363032708},"point_estimate":1497.243154532577,"standard_error":240.5035724766071},"Slope":{"confidence_interval":{"confidence_level":0.95,"lower_bound":2445719.981220592,"upper_bound":2449039.5811361154},"point_estimate":2447066.770817201,"standard_error":875.1638758546777},"StdDev":{"confidence_interval":{"confidence_level":0.95,"lower_bound":2434.6087634659666,"upper_bound":6605.19760664136},"point_estimate":4574.282561717849,"standard_error":1111.0364536963962}}