{"Mean":{"confidence_interval":{"confidence_level":0.95,"lower_bound":7582402.605760663,"upper_bound":7590464.142777293},"point_estimate":7586188.044620506,"standard_error":2059.9548162855053},"Median":{"confidence_interval":{"confidence_level":0.95,"lower_bound":7577957.928571428,"upper_bound":7584157.122222222},"point_estimate":7579410.8890923895,"standard_error":1833.6598791577003},"MedianAbsDev":{"confidence_interval":{"confidence_level":0.95,"lower_bound":7973.2273317808485,"upper_bound":13583.522125511687},"point_estimate":11233.428178034419,"standard_error":1459.7359676148167},"Slope":{"confidence_interval":{"confidence_level":0.95,"lower_bound":7579895.805361542,"upper_bound":7591978.254933517},"point_estimate":7585431.918075956,"standard_error":3097.5102189986187},"StdDev":{"confidence_interval":{"confidence_level":0.95,"lower_bound":14230.780787694213,"upper_bound":26234.49046201152},"point_estimate":20687.219304912167,"standard_error":3066.1001844893617}}