{"Mean":{"confidence_interval":{"confidence_level":0.95,"lower_bound":9033170.180785129,"upper_bound":9098351.747373642},"point_estimate":9060588.174652237,"standard_error":17000.96544685683},"Median":{"confidence_interval":{"confidence_level":0.95,"lower_bound":9025259.65116279,"upper_bound":9032727.777777778},"point_estimate":9030022.21613924,"standard_error":1839.4024023474742},"MedianAbsDev":{"confidence_interval":{"confidence_level":0.95,"lower_bound":10800.811727317572,"upper_bound":20356.287809112873},"point_estimate":16214.533017773918,"standard_error":2460.087041162003},"Slope":{"confidence_interval":{"confidence_level":0.95,"lower_bound":9022145.620037727,"upper_bound":9052379.865647856},"point_estimate":9033394.524917984,"standard_error":7985.041074966949},"StdDev":{"confidence_interval":{"confidence_level":0.95,"lower_bound":31409.385543512693,"upper_bound":263280.4807270511},"point_estimate":170965.97137490567,"standard_error":61472.1955691972}}