{"Mean":{"confidence_interval":{"confidence_level":0.95,"lower_bound":25934076.82273171,"upper_bound":25981800.159310516},"point_estimate":25956247.928342603,"standard_error":12214.843440142913},"Median":{"confidence_interval":{"confidence_level":0.95,"lower_bound":25921977.500286944,"upper_bound":25974980.5},"point_estimate":25944032.869909503,"standard_error":12386.331787258254},"MedianAbsDev":{"confidence_interval":{"confidence_level":0.95,"lower_bound":67938.26541504108,"upper_bound":105369.54374487435},"point_estimate":86154.75166555207,"standard_error":9531.180799629672},"Slope":{"confidence_interval":{"confidence_level":0.95,"lower_bound":25943689.57064112,"upper_bound":26036606.09496411},"point_estimate":25983991.231990542,"standard_error":24051.26578737697},"StdDev":{"confidence_interval":{"confidence_level":0.95,"lower_bound":76691.11896533599,"upper_bound":169551.85329414782},"point_estimate":122957.97457455994,"standard_error":24601.63368128465}}