{"Mean":{"confidence_interval":{"confidence_level":0.95,"lower_bound":25977384.672834218,"upper_bound":26043786.83954056},"point_estimate":26004064.34067604,"standard_error":17448.629785520552},"Median":{"confidence_interval":{"confidence_level":0.95,"lower_bound":25976574.75,"upper_bound":25997162.994262002},"point_estimate":25986236.821455363,"standard_error":5600.960049002205},"MedianAbsDev":{"confidence_interval":{"confidence_level":0.95,"lower_bound":30713.99711759009,"upper_bound":76025.28076758857},"point_estimate":60091.21728997024,"standard_error":11989.271270331777},"Slope":{"confidence_interval":{"confidence_level":0.95,"lower_bound":26002081.443363644,"upper_bound":26027412.01685063},"point_estimate":26014536.312549137,"standard_error":6463.6390894045535},"StdDev":{"confidence_interval":{"confidence_level":0.95,"lower_bound":60389.668259591526,"upper_bound":287173.4343623781},"point_estimate":176075.5652435214,"standard_error":74996.60345348583}}