{"Mean":{"confidence_interval":{"confidence_level":0.95,"lower_bound":19122763.686023105,"upper_bound":19154540.767121032},"point_estimate":19138378.326320276,"standard_error":8106.08117946864},"Median":{"confidence_interval":{"confidence_level":0.95,"lower_bound":19122693.943584785,"upper_bound":19156795.884615384},"point_estimate":19139364.67982456,"standard_error":8002.651780498245},"MedianAbsDev":{"confidence_interval":{"confidence_level":0.95,"lower_bound":63157.43512873296,"upper_bound":101088.12549835023},"point_estimate":87748.39584475396,"standard_error":9132.288656688257},"Slope":{"confidence_interval":{"confidence_level":0.95,"lower_bound":19073163.58283203,"upper_bound":19112024.47614115},"point_estimate":19090614.73634402,"standard_error":9907.20872046847},"StdDev":{"confidence_interval":{"confidence_level":0.95,"lower_bound":66686.95589364773,"upper_bound":97284.77592070226},"point_estimate":81483.74523109532,"standard_error":7944.234017839796}}