{"Mean":{"confidence_interval":{"confidence_level":0.95,"lower_bound":9197628.351713337,"upper_bound":9202626.262894144},"point_estimate":9200057.016968679,"standard_error":1273.0711526002929},"Median":{"confidence_interval":{"confidence_level":0.95,"lower_bound":9194112.032738095,"upper_bound":9201293.666666666},"point_estimate":9197105.755385175,"standard_error":1957.9030390102796},"MedianAbsDev":{"confidence_interval":{"confidence_level":0.95,"lower_bound":8370.138649275217,"upper_bound":13758.109403041663},"point_estimate":10630.56660993564,"standard_error":1368.779059367736},"Slope":{"confidence_interval":{"confidence_level":0.95,"lower_bound":9198605.81994895,"upper_bound":9204501.96297038},"point_estimate":9201468.013896853,"standard_error":1498.756465957709},"StdDev":{"confidence_interval":{"confidence_level":0.95,"lower_bound":10333.466606641752,"upper_bound":15149.239000091526},"point_estimate":12803.422579914546,"standard_error":1232.8237244586535}}