{"Mean":{"confidence_interval":{"confidence_level":0.95,"lower_bound":3010555.125061368,"upper_bound":3022468.085805815},"point_estimate":3016171.141802281,"standard_error":3038.029707847749},"Median":{"confidence_interval":{"confidence_level":0.95,"lower_bound":2999163.7735849055,"upper_bound":3005414.888888889},"point_estimate":3001670.656037152,"standard_error":1554.423987987483},"MedianAbsDev":{"confidence_interval":{"confidence_level":0.95,"lower_bound":3789.765854230598,"upper_bound":12410.014399190792},"point_estimate":6805.2151327867805,"standard_error":2171.983967853949},"Slope":{"confidence_interval":{"confidence_level":0.95,"lower_bound":3008387.185594802,"upper_bound":3027698.184432472},"point_estimate":3017832.9107019356,"standard_error":4933.789937625648},"StdDev":{"confidence_interval":{"confidence_level":0.95,"lower_bound":21723.69338930515,"upper_bound":38631.27082343707},"point_estimate":30501.251556703945,"standard_error":4346.971906606247}}