{"Mean":{"confidence_interval":{"confidence_level":0.95,"lower_bound":23146714.870226443,"upper_bound":23278619.737390924},"point_estimate":23212048.389873806,"standard_error":33719.14933164495},"Median":{"confidence_interval":{"confidence_level":0.95,"lower_bound":22950635.875,"upper_bound":23112774.375612743},"point_estimate":22958287.507142857,"standard_error":60012.20976303687},"MedianAbsDev":{"confidence_interval":{"confidence_level":0.95,"lower_bound":36985.68206843666,"upper_bound":266822.4314028127},"point_estimate":53909.137460920654,"standard_error":60497.30789839403},"Slope":{"confidence_interval":{"confidence_level":0.95,"lower_bound":23397222.069828495,"upper_bound":23520217.707206823},"point_estimate":23465814.49928772,"standard_error":31451.042344235968},"StdDev":{"confidence_interval":{"confidence_level":0.95,"lower_bound":313920.0795106682,"upper_bound":355760.97345829284},"point_estimate":339295.7936260962,"standard_error":10596.12195125871}}