{"Mean":{"confidence_interval":{"confidence_level":0.95,"lower_bound":13561854.116940105,"upper_bound":13577293.47371576},"point_estimate":13569204.143183257,"standard_error":3953.964209046477},"Median":{"confidence_interval":{"confidence_level":0.95,"lower_bound":13560842.46875,"upper_bound":13572135.466666667},"point_estimate":13568724.82358871,"standard_error":2853.9161694559307},"MedianAbsDev":{"confidence_interval":{"confidence_level":0.95,"lower_bound":17519.790375849305,"upper_bound":30060.63306693599},"point_estimate":22974.948912732896,"standard_error":3173.9996373241815},"Slope":{"confidence_interval":{"confidence_level":0.95,"lower_bound":13561924.364009358,"upper_bound":13580703.26783863},"point_estimate":13570622.63900399,"standard_error":4789.863710203224},"StdDev":{"confidence_interval":{"confidence_level":0.95,"lower_bound":28470.995126477534,"upper_bound":50237.474183483544},"point_estimate":39750.94449826675,"standard_error":5607.4485970245905}}