{"Mean":{"confidence_interval":{"confidence_level":0.95,"lower_bound":5075593.250467452,"upper_bound":5079423.6136764465},"point_estimate":5077323.513373555,"standard_error":976.9100634684763},"Median":{"confidence_interval":{"confidence_level":0.95,"lower_bound":5075589.571428572,"upper_bound":5077146.72972973},"point_estimate":5076301.764945652,"standard_error":405.45213094784026},"MedianAbsDev":{"confidence_interval":{"confidence_level":0.95,"lower_bound":2046.17235426147,"upper_bound":4591.932757831669},"point_estimate":2733.6530432179293,"standard_error":662.1641297870574},"Slope":{"confidence_interval":{"confidence_level":0.95,"lower_bound":5075489.374317264,"upper_bound":5078360.150174456},"point_estimate":5076834.10554751,"standard_error":731.8333756193165},"StdDev":{"confidence_interval":{"confidence_level":0.95,"lower_bound":5471.177632519292,"upper_bound":14215.792214878798},"point_estimate":9826.70991219745,"standard_error":2392.0989016475805}}