{"Mean":{"confidence_interval":{"confidence_level":0.95,"lower_bound":4360373.392034203,"upper_bound":4372409.028328105},"point_estimate":4365983.077865345,"standard_error":3082.7485211848953},"Median":{"confidence_interval":{"confidence_level":0.95,"lower_bound":4354601.702402402,"upper_bound":4356365.626666667},"point_estimate":4355457.434000426,"standard_error":409.06925335034754},"MedianAbsDev":{"confidence_interval":{"confidence_level":0.95,"lower_bound":3101.085504365345,"upper_bound":5436.442989504191},"point_estimate":4009.4613371632627,"standard_error":570.8292530540461},"Slope":{"confidence_interval":{"confidence_level":0.95,"lower_bound":4367036.430738199,"upper_bound":4394234.830054042},"point_estimate":4380576.760656125,"standard_error":6954.319806105733},"StdDev":{"confidence_interval":{"confidence_level":0.95,"lower_bound":20979.854865559515,"upper_bound":38920.3372107666},"point_estimate":30886.771825447617,"standard_error":4557.094991736973}}