{"Mean":{"confidence_interval":{"confidence_level":0.95,"lower_bound":3360837.9643925126,"upper_bound":3363630.077210361},"point_estimate":3362100.697068327,"standard_error":713.0780542331187},"Median":{"confidence_interval":{"confidence_level":0.95,"lower_bound":3360899.092480399,"upper_bound":3362955.404262753},"point_estimate":3361706.4852195946,"standard_error":562.1772869561873},"MedianAbsDev":{"confidence_interval":{"confidence_level":0.95,"lower_bound":3054.6342268268922,"upper_bound":5043.519011417916},"point_estimate":3831.1670739114134,"standard_error":486.2711239813043},"Slope":{"confidence_interval":{"confidence_level":0.95,"lower_bound":3361573.970047247,"upper_bound":3362825.304827647},"point_estimate":3362204.518424708,"standard_error":318.7091324495595},"StdDev":{"confidence_interval":{"confidence_level":0.95,"lower_bound":3862.57363364862,"upper_bound":10503.681355128267},"point_estimate":7138.679041047243,"standard_error":1829.1050230990656}}