{"Mean":{"confidence_interval":{"confidence_level":0.95,"lower_bound":21269009.765529856,"upper_bound":21295115.108572043},"point_estimate":21281543.771608405,"standard_error":6694.455785135885},"Median":{"confidence_interval":{"confidence_level":0.95,"lower_bound":21253105.791666668,"upper_bound":21277912.032608695},"point_estimate":21261697.430446737,"standard_error":7339.7486584166545},"MedianAbsDev":{"confidence_interval":{"confidence_level":0.95,"lower_bound":40764.23184065311,"upper_bound":70631.44294562096},"point_estimate":54675.86301311364,"standard_error":7908.711431949555},"Slope":{"confidence_interval":{"confidence_level":0.95,"lower_bound":21264276.614020858,"upper_bound":21303969.650972832},"point_estimate":21282335.326812472,"standard_error":10162.976457497432},"StdDev":{"confidence_interval":{"confidence_level":0.95,"lower_bound":53334.79365746122,"upper_bound":79079.17741040325},"point_estimate":67085.79871181025,"standard_error":6607.149069685498}}