{"Mean":{"confidence_interval":{"confidence_level":0.95,"lower_bound":1943330.2369977133,"upper_bound":1957796.0980925204},"point_estimate":1949105.4406838634,"standard_error":3802.2081679661856},"Median":{"confidence_interval":{"confidence_level":0.95,"lower_bound":1947452.178845732,"upper_bound":1948847.0921052631},"point_estimate":1947924.2569753085,"standard_error":397.83575192232195},"MedianAbsDev":{"confidence_interval":{"confidence_level":0.95,"lower_bound":5757.072336832395,"upper_bound":21214.27520226947},"point_estimate":10024.625859581336,"standard_error":3774.6601766147232},"Slope":{"confidence_interval":{"confidence_level":0.95,"lower_bound":1949808.7520783823,"upper_bound":1958302.0762444413},"point_estimate":1953108.1136633663,"standard_error":2226.1557371351314},"StdDev":{"confidence_interval":{"confidence_level":0.95,"lower_bound":13137.752043294318,"upper_bound":61894.838157244165},"point_estimate":38021.14758149888,"standard_error":16138.699512958545}}