{"Mean":{"confidence_interval":{"confidence_level":0.95,"lower_bound":11165660.31022485,"upper_bound":11247872.978901517},"point_estimate":11199397.314404225,"standard_error":21940.4214962606},"Median":{"confidence_interval":{"confidence_level":0.95,"lower_bound":11165466.853658536,"upper_bound":11171889.448824985},"point_estimate":11169123.146505376,"standard_error":1530.854845556753},"MedianAbsDev":{"confidence_interval":{"confidence_level":0.95,"lower_bound":12051.875749748931,"upper_bound":26729.56306508423},"point_estimate":18692.42699698972,"standard_error":3867.4058081689086},"Slope":{"confidence_interval":{"confidence_level":0.95,"lower_bound":11155429.528970571,"upper_bound":11170856.09463263},"point_estimate":11163385.52211024,"standard_error":3948.0344369201116},"StdDev":{"confidence_interval":{"confidence_level":0.95,"lower_bound":28012.276964130626,"upper_bound":342375.68605476286},"point_estimate":220144.32616439322,"standard_error":86240.18119517335}}