{"Mean":{"confidence_interval":{"confidence_level":0.95,"lower_bound":7846182.428751353,"upper_bound":7852270.988205566},"point_estimate":7849030.003954807,"standard_error":1558.8092004305745},"Median":{"confidence_interval":{"confidence_level":0.95,"lower_bound":7843208.747126437,"upper_bound":7848833.588235294},"point_estimate":7846369.134347049,"standard_error":1514.3703970769218},"MedianAbsDev":{"confidence_interval":{"confidence_level":0.95,"lower_bound":8749.956599495561,"upper_bound":15017.674287135302},"point_estimate":12022.800931986754,"standard_error":1723.7947406571263},"Slope":{"confidence_interval":{"confidence_level":0.95,"lower_bound":7844457.850683542,"upper_bound":7853171.454279595},"point_estimate":7848383.502917098,"standard_error":2234.33876861997},"StdDev":{"confidence_interval":{"confidence_level":0.95,"lower_bound":10489.403791061413,"upper_bound":21374.66789224291},"point_estimate":15700.041105304603,"standard_error":2959.725825131968}}