{"Mean":{"confidence_interval":{"confidence_level":0.95,"lower_bound":1491138.3245625852,"upper_bound":1492595.1798338257},"point_estimate":1491804.3215098518,"standard_error":372.8531962030574},"Median":{"confidence_interval":{"confidence_level":0.95,"lower_bound":1490650.7234817813,"upper_bound":1491098.8636363635},"point_estimate":1490813.9010695186,"standard_error":136.12184857111285},"MedianAbsDev":{"confidence_interval":{"confidence_level":0.95,"lower_bound":669.0138375791494,"upper_bound":1151.102611181328},"point_estimate":890.1353591756688,"standard_error":120.22074051480126},"Slope":{"confidence_interval":{"confidence_level":0.95,"lower_bound":1490913.3923023732,"upper_bound":1492902.4797322857},"point_estimate":1491749.5599734003,"standard_error":516.7716143751708},"StdDev":{"confidence_interval":{"confidence_level":0.95,"lower_bound":2144.619963634877,"upper_bound":5090.811381482364},"point_estimate":3754.1574749192587,"standard_error":752.9955015341001}}