{"Mean":{"confidence_interval":{"confidence_level":0.95,"lower_bound":574422.5676884862,"upper_bound":574836.6485578787},"point_estimate":574613.7692496314,"standard_error":105.85297446916837},"Median":{"confidence_interval":{"confidence_level":0.95,"lower_bound":574315.5681818182,"upper_bound":574526.2473039215},"point_estimate":574394.4454545454,"standard_error":54.91872955135469},"MedianAbsDev":{"confidence_interval":{"confidence_level":0.95,"lower_bound":312.22069499687296,"upper_bound":536.0080268477194},"point_estimate":404.11727054291686,"standard_error":56.24334355353387},"Slope":{"confidence_interval":{"confidence_level":0.95,"lower_bound":574364.4337005238,"upper_bound":574561.3385155795},"point_estimate":574462.7325328802,"standard_error":50.375413016720415},"StdDev":{"confidence_interval":{"confidence_level":0.95,"lower_bound":582.2946544102397,"upper_bound":1498.186706481378},"point_estimate":1063.5174522848297,"standard_error":237.32410367655945}}