{"Mean":{"confidence_interval":{"confidence_level":0.95,"lower_bound":3184257.573779153,"upper_bound":3190779.282355902},"point_estimate":3187186.8027842618,"standard_error":1674.4964038020325},"Median":{"confidence_interval":{"confidence_level":0.95,"lower_bound":3180135.96,"upper_bound":3183575.158498685},"point_estimate":3181226.4267068272,"standard_error":864.5159805928726},"MedianAbsDev":{"confidence_interval":{"confidence_level":0.95,"lower_bound":3278.8874858685776,"upper_bound":8545.41311985674},"point_estimate":4614.781597363176,"standard_error":1305.3031063980945},"Slope":{"confidence_interval":{"confidence_level":0.95,"lower_bound":3186274.7704769545,"upper_bound":3191376.1375600304},"point_estimate":3188686.9146948424,"standard_error":1295.2295876267885},"StdDev":{"confidence_interval":{"confidence_level":0.95,"lower_bound":8224.882563409905,"upper_bound":24468.129254249656},"point_estimate":16872.66587521906,"standard_error":4245.584442170358}}