{"Mean":{"confidence_interval":{"confidence_level":0.95,"lower_bound":7032757.93003014,"upper_bound":7070256.622370495},"point_estimate":7050086.712906366,"standard_error":9562.002761911759},"Median":{"confidence_interval":{"confidence_level":0.95,"lower_bound":7063074.517241379,"upper_bound":7073676.806666667},"point_estimate":7068816.323376624,"standard_error":2753.5585274140853},"MedianAbsDev":{"confidence_interval":{"confidence_level":0.95,"lower_bound":18370.678233196246,"upper_bound":36912.33136768753},"point_estimate":24292.08407275149,"standard_error":4628.070480258989},"Slope":{"confidence_interval":{"confidence_level":0.95,"lower_bound":7074579.776327974,"upper_bound":7085604.858682},"point_estimate":7080143.593480124,"standard_error":2818.2140571038617},"StdDev":{"confidence_interval":{"confidence_level":0.95,"lower_bound":60158.06532109808,"upper_bound":139516.8507214377},"point_estimate":96458.72611415571,"standard_error":23722.00462911852}}