{"Mean":{"confidence_interval":{"confidence_level":0.95,"lower_bound":749320.6302716718,"upper_bound":754150.556964949},"point_estimate":751738.9287522465,"standard_error":1233.1541464208417},"Median":{"confidence_interval":{"confidence_level":0.95,"lower_bound":752241.8529411765,"upper_bound":757547.140625},"point_estimate":755193.4194976077,"standard_error":1426.316006147504},"MedianAbsDev":{"confidence_interval":{"confidence_level":0.95,"lower_bound":7194.73335351795,"upper_bound":14658.007183414495},"point_estimate":10909.642713771378,"standard_error":1886.6166617884255},"Slope":{"confidence_interval":{"confidence_level":0.95,"lower_bound":755863.3761701393,"upper_bound":761039.3109236591},"point_estimate":758264.0076577509,"standard_error":1321.633107987786},"StdDev":{"confidence_interval":{"confidence_level":0.95,"lower_bound":10532.85422889922,"upper_bound":14449.020589601747},"point_estimate":12398.04461693495,"standard_error":1008.9493669156191}}