{"Mean":{"confidence_interval":{"confidence_level":0.95,"lower_bound":5020684.609831406,"upper_bound":5025908.611484788},"point_estimate":5023188.2509255335,"standard_error":1336.978950885118},"Median":{"confidence_interval":{"confidence_level":0.95,"lower_bound":5018457.738636363,"upper_bound":5022564.083727345},"point_estimate":5019997.83266129,"standard_error":1039.6107341840482},"MedianAbsDev":{"confidence_interval":{"confidence_level":0.95,"lower_bound":6249.299996157957,"upper_bound":11517.296611732427},"point_estimate":8049.73243208855,"standard_error":1350.8483342496795},"Slope":{"confidence_interval":{"confidence_level":0.95,"lower_bound":5025260.080782317,"upper_bound":5030713.87412668},"point_estimate":5027939.829227132,"standard_error":1392.4666955157102},"StdDev":{"confidence_interval":{"confidence_level":0.95,"lower_bound":10072.395385428372,"upper_bound":16399.166400233018},"point_estimate":13441.336471707606,"standard_error":1614.6123679285674}}