{"Mean":{"confidence_interval":{"confidence_level":0.95,"lower_bound":22037841.078338724,"upper_bound":22057068.2210823},"point_estimate":22047391.740607567,"standard_error":4889.973174541363},"Median":{"confidence_interval":{"confidence_level":0.95,"lower_bound":22039628.663650077,"upper_bound":22060217.64285714},"point_estimate":22054904.243333332,"standard_error":4836.768373710042},"MedianAbsDev":{"confidence_interval":{"confidence_level":0.95,"lower_bound":28294.56046130554,"upper_bound":57089.23929651379},"point_estimate":43760.109706075986,"standard_error":7896.955941618155},"Slope":{"confidence_interval":{"confidence_level":0.95,"lower_bound":22026337.642135233,"upper_bound":22050697.298862286},"point_estimate":22038175.24167578,"standard_error":6213.299070390026},"StdDev":{"confidence_interval":{"confidence_level":0.95,"lower_bound":41517.665504470635,"upper_bound":56171.65356715962},"point_estimate":49148.63070239067,"standard_error":3752.022456270346}}