{"Mean":{"confidence_interval":{"confidence_level":0.95,"lower_bound":366771.2758551609,"upper_bound":368666.98670046625},"point_estimate":367628.95342871593,"standard_error":488.7807120664236},"Median":{"confidence_interval":{"confidence_level":0.95,"lower_bound":365905.7385620915,"upper_bound":366261.5964912281},"point_estimate":366110.67083333334,"standard_error":92.78193715177113},"MedianAbsDev":{"confidence_interval":{"confidence_level":0.95,"lower_bound":428.51631966499997,"upper_bound":863.9769936803705},"point_estimate":620.0047764927149,"standard_error":105.28274095178513},"Slope":{"confidence_interval":{"confidence_level":0.95,"lower_bound":366524.8054805342,"upper_bound":368355.03834376455},"point_estimate":367350.45617851336,"standard_error":470.894874076418},"StdDev":{"confidence_interval":{"confidence_level":0.95,"lower_bound":2608.3642874028787,"upper_bound":6790.942568737343},"point_estimate":4907.718730887652,"standard_error":1070.0676984243944}}