{"Mean":{"confidence_interval":{"confidence_level":0.95,"lower_bound":13338344.496031411,"upper_bound":13358809.282858174},"point_estimate":13347822.872728253,"standard_error":5242.488139672033},"Median":{"confidence_interval":{"confidence_level":0.95,"lower_bound":13329153.163934426,"upper_bound":13337782.085714286},"point_estimate":13333243.377375089,"standard_error":1900.2424575021155},"MedianAbsDev":{"confidence_interval":{"confidence_level":0.95,"lower_bound":14617.694264487216,"upper_bound":25475.90229861301},"point_estimate":21479.547563390548,"standard_error":2746.6477899332617},"Slope":{"confidence_interval":{"confidence_level":0.95,"lower_bound":13337408.197903924,"upper_bound":13355511.299258402},"point_estimate":13345971.416098714,"standard_error":4627.117618943741},"StdDev":{"confidence_interval":{"confidence_level":0.95,"lower_bound":32878.41424742895,"upper_bound":69834.34404661684},"point_estimate":52706.40196098218,"standard_error":9456.270953653437}}